M69837,M55703,M30278
H147992Fv55,H147992FO55,H147992F
M82469,M81266,M81460
AS3917 B10551 94305,AS3917,AS3917-BLK-G
2OBBC027YSE_H05E,2OBBC027YSE_H03E,2ESBC027YSE_H05E
362968,364435,636710
387.30.S35,A538S35X18,A538H13X02
Kelly 32 Sellier Epsom Blue Electric GHW,Kelly 28 Sellier Epsom Blue Electric GHW,Kelly 32 Sellier Epsom Blue France GHW
M53013,N51303,M51140
602118,602118 1DB0G 1000,602118 92TCG 8563
'12710743807466,A710AC3X56,A710AC3X30
M80842,M57081,M57960
M81570,M62903,M61692
G45560_37,G45560 B15742 94305,G45560
327787,130736,293578
'51711792070511,'13743326191728,AS3313 B08037 NN268
346056,346056 KY9LG 8610,346056 KQW5G 9791
M82382,M60067,M82380
KLD,Kelly Danse II,Kelly Danse
PT18,Picotin 18 Noir,Picotin 18 Gold
746124 UAAAY 2548,746124,746124 UAAAY 1092
A50096,AP0241,A50096 Y01588 C3906
M81910,M46411,M81909
SILKP,Silky Pop,Silky Pop Bolduc
476432 CAOGN 8176,476432 CAO0G 1000,421970 CAOGN 8176
H080125CC18,CNTG,H080125CC0L
H083035CKP0,H083035CK0L,H083035CK80
A94417,A91121,A93787
10I653DPV.38NO,10D783DPV.38NO,10L833DPV.38NO
AP2602,AP2602 B07552 NH448,AS3134
M56461,M56466,M56471
H041344CC8F,H030520CC8F,H041344CC0L
M68746,M44580,M44391
M1272ZBBE,M1272ZBBE_M933,M1296ZBBE
AS2908,Vintage Duma,AS4399
A58600,A58601,A01112
AS3829,AS3828,A69900
H044624CC4C,H044624CC18,H044624CC8F
S2197UTZQ,S2197UTZQ_M928,S2197UTZQ_M932
A12397,A12396,Vintage-Kelly-Style
781672,781672 1000,781672 2AA4A 1000
M45936,M45757,M45761
639297,651811,585852
443496,446744,443496 DTDIT 1000
AS2984,AS2984 B07123 94305,AS4569
AP3102 B09785 94305,AP0250 Y01480 C3906,AP0957 B01901 94305
A01112,A01112 Y04059 NJ523,A01113
CNSLIM,H082062CK,CONSTANCE-SLIM-OST
AS4866,AS4866 B16572 94305,AS4866 B16572
AP3435,AS4416,AS4416 B15566
A58600,A01112,A58601
M45959,M44580,M44391
M60067,N63070,N63069
AS3319,AS3319 B08037 94305,AP2198
AP0214,A80758,AP0214 Y33352
H103773M,H104774M,H102773M
AS4274,AS4275,AS4276
M81783,M81746,M82534
AP2736,AP0245,AP2682
A67085,A67085 Y60609,A67085
2LXCA344UCT,2LXCA344UCT_H28E,2LXCA344UCT_H03E
'12706252357457,H074664CA,H074425CA
M21424,M21423,M21328
'32710154024800,AP2784,AS3191
A69900,A35200,A01113
AS4883 B16635,AS5239 B19405,A35200 Y04059 94305
494699,494699DV7261000,574946
M82469,M81266,M81462
M22976,M59856,M45779
M61734,M60531,M61725
A94805,A94806,A67085
AS3216,AS3216 (Blue Variant),AS3215
AP0242,A50097,AP0242 Y33352
H051568CK89,H064422CK89,GP30
H103223M 01,H103222M 01,H103223M 04
M21692,M21691,M21693
A69900,A35200,A01113
VIDEP,H082360CK,H085760CK
10G342CAM.04LU,10G342CAM.04BT,10G342CAM.01BC
473911 K9GQT 8899,473911,496343
'32710155741241,AS4579,AS4579 B15493
M41562,M44873,M41560
A01113 Y01864 C3906,A01113 Y01588 C3906,A01113 Y01295 C3906
M46271,M45936,M46653
AS3615,AS3616,AS3615 B09037
H069426CK2Z,H069426CK89,H069426CK76
A01112 Y01864 C3906,A01113 Y01864 C3906,A01112 Y01588 94305
8076670 (Variant),8077690,8074920
M61215,M61217,M61734
M0565OREY,M0565OREY_M928,M0565OREY_M49E
M69171,M58456,M60703
M62932,M62933,M41938
M82157,M80726,M60697
1ADHO016EKG,1ADHO016YKY_H00N,1ADHO001
CHC11SP580161053,CHC11SP58016140Z,CHC11SP580161466
625615 92TCG 8563,625615 92TCG 9761,602204 92TCG 8563
AP4064,AP2199 B06660,AP2199 B05810
AP0216,A69271,AP2061
A80287,A80287 Y33352,A80287 Y83621
AS0603,AS0603-Pink,AS0603-Coral
M45777,M45839,M58635
'13712230941965,A20994,A50995
M61692,M69535,N41696
R.M.S,H083060CK,R.M.S Cabine
A82365,A82551,AP0216
M45516,M45515,M45502
611642,533620,588351
476433,476433 DTDCT 1000,446744 DTDCT 1000
7212500UD7W1000,5538040UD7W1000,469390BOW0J1000
'12712663855270,A14692,A14693
H083029CK,H083029CC,H083029CK
'32713180283751,A93223,A93224
AS3662,A93748,A93608
6125791GF081000,6125791GF021000,6125791GF011000
'12712553148037,322.30.S21 MERMAID,LOEWE-PUZZLE-MERMAID-SMALL
M82041,M81893,M80837
'13708147963851,AS1160,AS1161
AP1341,AP1341 Y33352,AP2199
189173DLS.03ND,189173DLS.02TH,189173DLS.02BG
678401DV7061000,678401DV706,467072DV7061000
'51705996941157,AP0242,A50096
AS1786,AS1787,A35200
S0007ONMJ,S0007ONMJ_M413,Visual_Match_Loewe_Yellow
AP0953,AP0953 B04852 94305,AP0953 B07327 94305
AP2200,AP2200 Black,AP2200 Blue
547597 0YA0G 1000,496319 0GCAT 8163,496319 0GCAT 8820
M46817,M46816,M46466
Vintage (Series 3/4),Vintage (Circa 1994-1997),Vintage Caviar Tote
A26134,A26134,A26134
H069426CC89,H069426CC2Z,H069426CC76
A93749,A93750,A93608
M60067,M62393,N63070
RP0345 N88 F0002,RP0373 N88 F0002,5BH356 N88 F0002
H060991CC8Q,H060991CC0L,H060991CC18
'11764406417238,243366S,H243366S
N40003,N40004,N41408
AP3226,AP2944,AS2431
M80093,M80094,M80092
619740BWR0W1000,634818BWR0W1000,623097BWR0W1000
M42224,M42226,M46984
'11710329585348,AP0249,AP1555
591970,591970 VCQR1,591970 VCQR1 9850
G39792 Y56368 K5451,G39792 Y56368 K5450,G38299 Y55720
'51711792140659,A80982,A80982 B00300
M40817,M42226,M42224
M43144,M43143,M43146
AA0417ADW0ADNDO,AA0569ADW0ADNDO,AA0406ADW0ADNDO
M81049,M81861,M69794
M40718,M40717,M61276
H608002Fv49,H608002FO49,H608001FO49
494699DV727,494699DV7271000,494699
Birkin 30 Blue Jean Epsom Silver Hardware,Birkin 30 Trench Ebene Togo Gold Hardware,Birkin 25 Blue Jean Epsom Silver Hardware
N51146,N51145,N51150
'51704802993974,AP2263,AP2428
Vintage-Timeless-Backpack-Black-Lambskin,Vintage-Square-Backpack-Gold-HW,Vintage-Quilted-Backpack-Lambskin
A31504 Y01480 C3906,AP0232 Y01295 C3906,A82288 Y01480 C3906
AP0242,A50097,AP0226
'12710842546597,AS3980,AS3980 B19059
1ML157,1ML157_2B16_F0002,1M1157
Amazona 28 (Classic),Amazona 28 Alligator,Amazona 36
6702292UY2W2166,6699572UY2W2166,6674902UY2W2166
MAGS,H083471CA,H0002741
1012106-1A08724-1B00V,1012105-1A08724-1B00V,1012106-1A05134-1B00V
AS2233 B04398,AP0957 B04852,AS1160 B04852
AS3921 B10277,AS3986,AS3216
10K623DPV,10D783DPV.07SB,10D783DPV.05IC
AP3398,AP0232,AP0241
696013 97S9G 8405,696013 97S9F 1000,473869 K9R8X 8863
A538H13X10,A538S35X51,A538H13X03
656050 1LRGM 1000,656050 1IZHY 1000,656050 1LRGM 9016
AS3216,AS3215,AS3986
AS3729,AS3729 B09733 10601,AS3652
AP0231 Y01864 C3906,AP0231 Y01588 C3906,AP0231 Y01295 C3906
176541,476541,476541 9I6NT 8850
N40003,N40004,N41211
'12708233480065,AP3082 B09768,AP3292
Vintage-Caviar-Shoulder-Beige,Vintage-Caviar-Hobo-Beige,Vintage-Caviar-Camera-Beige
AP3084 B09768 94305,AP0250 Y01864 C3906,AP0957 B04852 94305
2ADCH168YKS,2ADCH168YKS_H05E,2ADCH168YKS_H03E
H079201CKAB,H060300CK,H060300CK89
M44388,M46036,M44336
H057946CK37,H057946CK4B,H084149CKAK
A67086 B07520 10601,A67085 B07520 10601,A67086 Y09939 10601
M57308,M23686,M33433
'32764494030372,754443V3IV18425,777586V3IV1
S5611CTZQ,S5611CTZQ_M932,S5611CCEH_M900
A57887 (Series 27),A57887 (Variant),A57832
GI0844,GI0496,GI0495
550622,699439,598127
AS2189,AS2189 B04424 94305,AS2189 B04424
